train_28872, bare_ground blooming blow_down clear habitation haze selective_logging, artisinal_mine partly_cloudy primary water
train_29642, bare_ground blooming blow_down clear habitation selective_logging, agriculture clear primary selective_logging
train_1219, bare_ground blooming blow_down clear habitation selective_logging, partly_cloudy primary
train_29544, bare_ground blooming blow_down clear habitation selective_logging, blooming clear primary
train_1154, bare_ground blooming blow_down clear habitation selective_logging, agriculture clear cultivation primary water
train_1329, bare_ground blooming blow_down clear habitation selective_logging, clear primary water
train_3113, bare_ground blooming blow_down clear habitation haze selective_logging, agriculture cultivation haze primary road water
train_2317, bare_ground blooming blow_down clear habitation selective_logging, agriculture clear cultivation primary water
train_248, bare_ground blooming blow_down clear habitation selective_logging, haze primary
train_39617, bare_ground blooming blow_down clear habitation selective_logging, agriculture clear cultivation primary slash_burn
train_25764, bare_ground blooming blow_down clear habitation selective_logging, artisinal_mine partly_cloudy primary road water
train_27177, bare_ground blooming blow_down clear habitation selective_logging, artisinal_mine bare_ground clear habitation primary road water
train_3270, bare_ground blooming blow_down clear habitation selective_logging, haze primary
train_1331, bare_ground blooming blow_down clear habitation selective_logging, agriculture cultivation partly_cloudy primary road
train_26970, bare_ground blooming blow_down clear habitation selective_logging, artisinal_mine clear primary road water
train_2305, bare_ground blooming blow_down clear habitation selective_logging, agriculture clear habitation primary road water
train_28156, bare_ground blooming blow_down clear habitation selective_logging, artisinal_mine clear primary road water
train_785, bare_ground blooming blow_down clear habitation selective_logging, agriculture cultivation partly_cloudy primary
train_28221, bare_ground blooming blow_down clear habitation selective_logging, blooming clear primary
train_766, bare_ground blooming blow_down clear habitation selective_logging, agriculture partly_cloudy primary road
train_1228, bare_ground blooming blow_down clear habitation selective_logging, agriculture clear primary road
train_2051, bare_ground blooming blow_down clear habitation selective_logging, agriculture clear cultivation habitation primary road
train_31081, bare_ground blooming blow_down clear habitation selective_logging, blooming clear primary
train_1197, bare_ground blooming blow_down clear habitation selective_logging, agriculture cultivation habitation partly_cloudy primary road
train_693, bare_ground blooming blow_down clear habitation haze selective_logging, agriculture clear water
train_31246, bare_ground blooming blow_down clear habitation selective_logging, blooming clear primary
train_29268, bare_ground blooming blow_down clear habitation selective_logging, blooming clear primary
train_1318, bare_ground blooming blow_down clear habitation selective_logging, partly_cloudy primary
train_1043, bare_ground blooming blow_down clear habitation selective_logging, agriculture clear habitation primary road
train_26898, bare_ground blooming blow_down clear habitation selective_logging, clear primary selective_logging
train_1407, bare_ground blooming blow_down clear habitation selective_logging, agriculture clear cultivation primary water
train_381, bare_ground blooming blow_down clear habitation selective_logging, agriculture clear cultivation habitation primary road
train_10771, bare_ground blooming blow_down clear habitation selective_logging, bare_ground clear primary water
train_1045, bare_ground blooming blow_down clear habitation selective_logging, agriculture clear cultivation habitation primary road water
train_39638, bare_ground blooming blow_down clear habitation selective_logging, agriculture clear cultivation habitation primary road slash_burn
train_225, bare_ground blooming blow_down clear habitation selective_logging, agriculture clear cultivation habitation primary road
train_371, bare_ground blooming blow_down clear habitation selective_logging, clear primary
train_287, bare_ground blooming blow_down clear habitation selective_logging, partly_cloudy primary
train_29756, bare_ground blooming blow_down clear habitation selective_logging, artisinal_mine clear primary water
train_4626, bare_ground blooming blow_down clear habitation haze selective_logging, cloudy
train_2268, bare_ground blooming blow_down clear habitation selective_logging, agriculture clear habitation primary road
train_2979, bare_ground blooming blow_down clear habitation selective_logging, haze primary
train_11010, bare_ground blooming blow_down clear habitation selective_logging, bare_ground clear primary
train_1280, bare_ground blooming blow_down clear habitation selective_logging, agriculture cultivation partly_cloudy primary
train_30969, bare_ground blooming blow_down clear habitation selective_logging, artisinal_mine clear primary road water
train_29743, bare_ground blooming blow_down clear habitation selective_logging, blooming clear primary
train_3207, bare_ground blooming blow_down clear habitation selective_logging, haze primary
train_2875, bare_ground blooming blow_down clear habitation selective_logging, agriculture habitation partly_cloudy primary road
train_1441, bare_ground blooming blow_down clear habitation selective_logging, agriculture cultivation partly_cloudy primary
train_974, bare_ground blooming blow_down clear habitation selective_logging, bare_ground clear primary road water
train_27352, bare_ground blooming blow_down clear habitation selective_logging, blooming clear cultivation primary
train_4038, bare_ground blooming blow_down clear habitation selective_logging, cloudy
train_244, bare_ground blooming blow_down clear habitation selective_logging, clear primary
train_10925, bare_ground blooming blow_down clear habitation selective_logging, bare_ground clear road
train_3265, bare_ground blooming blow_down clear habitation selective_logging, haze primary
train_3796, bare_ground blooming blow_down clear habitation haze selective_logging, cloudy
train_26012, bare_ground blooming blow_down clear habitation selective_logging, artisinal_mine clear primary water
train_1469, bare_ground blooming blow_down clear habitation selective_logging, partly_cloudy primary
train_3316, bare_ground blooming blow_down clear habitation selective_logging, haze primary
train_800, bare_ground blooming blow_down clear habitation selective_logging, agriculture haze primary
train_3344, bare_ground blooming blow_down clear habitation selective_logging, haze primary
train_28500, bare_ground blooming blow_down clear habitation selective_logging, clear cultivation primary road selective_logging
train_762, bare_ground blooming blow_down clear habitation selective_logging, agriculture clear habitation primary road
train_1166, bare_ground blooming blow_down clear habitation selective_logging, clear primary water
train_2435, bare_ground blooming blow_down clear habitation selective_logging, agriculture cultivation partly_cloudy primary
train_1237, bare_ground blooming blow_down clear habitation selective_logging, agriculture clear cultivation primary road
train_10924, bare_ground blooming blow_down clear habitation selective_logging, bare_ground clear primary selective_logging slash_burn water
train_12563, bare_ground blooming blow_down clear habitation selective_logging, artisinal_mine bare_ground clear cultivation primary water
train_2250, bare_ground blooming blow_down clear habitation selective_logging, agriculture clear cultivation primary water
train_229, bare_ground blooming blow_down clear habitation selective_logging, agriculture clear cultivation primary
train_1266, bare_ground blooming blow_down clear habitation selective_logging, agriculture partly_cloudy primary
train_28268, bare_ground blooming blow_down clear habitation selective_logging, blooming clear primary
train_25480, bare_ground blooming blow_down clear habitation selective_logging, blooming clear primary
train_29964, bare_ground blooming blow_down clear habitation selective_logging, blooming clear primary
train_322, bare_ground blooming blow_down clear habitation selective_logging, clear primary road water
train_26391, bare_ground blooming blow_down clear habitation selective_logging, blooming partly_cloudy primary
train_1317, bare_ground blooming blow_down clear habitation selective_logging, agriculture cultivation partly_cloudy primary
train_26245, bare_ground blooming blow_down clear habitation selective_logging, artisinal_mine clear primary road water
train_701, bare_ground blooming blow_down clear habitation selective_logging, agriculture clear habitation primary water
train_4717, bare_ground blooming blow_down clear habitation haze selective_logging, cloudy
train_231, bare_ground blooming blow_down clear habitation selective_logging, partly_cloudy primary
train_31790, bare_ground blooming blow_down clear habitation selective_logging, clear primary road selective_logging
train_27999, bare_ground blooming blow_down clear habitation haze selective_logging, artisinal_mine clear primary water
train_4263, bare_ground blooming blow_down clear habitation selective_logging, cloudy
train_1176, bare_ground blooming blow_down clear habitation selective_logging, agriculture cultivation habitation partly_cloudy primary road
train_1179, bare_ground blooming blow_down clear habitation selective_logging, partly_cloudy primary road
train_27247, bare_ground blooming blow_down clear habitation selective_logging, artisinal_mine partly_cloudy primary water
train_324, bare_ground blooming blow_down clear habitation selective_logging, agriculture clear primary water
train_786, bare_ground blooming blow_down clear habitation selective_logging, agriculture clear cultivation primary
train_3577, bare_ground blooming blow_down clear habitation selective_logging, haze primary
train_29099, bare_ground blooming blow_down clear habitation haze selective_logging, artisinal_mine clear primary
train_26869, bare_ground blooming blow_down clear habitation selective_logging, blooming clear primary
train_31149, bare_ground blooming blow_down clear habitation selective_logging, blooming clear primary
train_246, bare_ground blooming blow_down clear habitation selective_logging, clear primary
train_1108, bare_ground blooming blow_down clear habitation selective_logging, agriculture clear primary road
train_4258, bare_ground blooming blow_down clear habitation haze selective_logging, cloudy
train_1240, bare_ground blooming blow_down clear habitation selective_logging, partly_cloudy primary
train_31137, bare_ground blooming blow_down clear habitation selective_logging, clear primary selective_logging
train_31305, bare_ground blooming blow_down clear habitation selective_logging, artisinal_mine clear primary road water
train_1384, bare_ground blooming blow_down clear habitation selective_logging, agriculture haze primary water
train_1247, bare_ground blooming blow_down clear habitation selective_logging, partly_cloudy primary water
train_1012, bare_ground blooming blow_down clear habitation selective_logging, clear cultivation primary road water
train_802, bare_ground blooming blow_down clear habitation selective_logging, agriculture clear cultivation habitation primary
train_222, bare_ground blooming blow_down clear habitation selective_logging, agriculture clear cultivation habitation primary road water
train_3259, bare_ground blooming blow_down clear habitation selective_logging, haze primary
train_858, bare_ground blooming blow_down clear habitation selective_logging, agriculture clear primary road
train_304, bare_ground blooming blow_down clear habitation selective_logging, agriculture clear primary
train_24592, bare_ground blooming blow_down clear habitation selective_logging, clear primary selective_logging
train_1016, bare_ground blooming blow_down clear habitation selective_logging, clear primary road
train_3146, bare_ground blooming blow_down clear habitation selective_logging, haze primary
train_250, bare_ground blooming blow_down clear habitation selective_logging, clear primary
train_349, bare_ground blooming blow_down clear habitation selective_logging, agriculture clear primary
train_851, bare_ground blooming blow_down clear habitation selective_logging, agriculture clear cultivation primary road
train_2438, bare_ground blooming blow_down clear habitation selective_logging, agriculture clear habitation primary road
train_12082, bare_ground blooming blow_down clear habitation selective_logging, bare_ground clear primary
train_2798, bare_ground blooming blow_down clear habitation selective_logging, clear habitation primary road water
train_24901, bare_ground blooming blow_down clear habitation selective_logging, clear primary selective_logging
train_2155, bare_ground blooming blow_down clear habitation selective_logging, agriculture clear cultivation primary
train_4334, bare_ground blooming blow_down clear habitation haze selective_logging, cloudy
train_28456, bare_ground blooming blow_down clear habitation selective_logging, clear primary selective_logging
train_1177, bare_ground blooming blow_down clear habitation selective_logging, partly_cloudy primary
train_2054, bare_ground blooming blow_down clear habitation selective_logging, agriculture clear cultivation primary
train_316, bare_ground blooming blow_down clear habitation selective_logging, agriculture clear primary
train_1287, bare_ground blooming blow_down clear habitation selective_logging, agriculture partly_cloudy primary road
train_1101, bare_ground blooming blow_down clear habitation selective_logging, clear water
train_28541, bare_ground blooming blow_down clear habitation selective_logging, agriculture cultivation partly_cloudy primary road selective_logging
train_1389, bare_ground blooming blow_down clear habitation selective_logging, haze primary road water
train_11580, bare_ground blooming blow_down clear habitation selective_logging, bare_ground clear primary water
train_29746, bare_ground blooming blow_down clear habitation selective_logging, clear primary selective_logging
train_3216, bare_ground blooming blow_down clear habitation haze selective_logging, haze primary
train_4641, bare_ground blooming blow_down clear habitation haze selective_logging, cloudy
train_1054, bare_ground blooming blow_down clear habitation selective_logging, agriculture clear habitation primary road
train_1440, bare_ground blooming blow_down clear habitation selective_logging, partly_cloudy primary
train_1094, bare_ground blooming blow_down clear habitation selective_logging, agriculture cultivation partly_cloudy primary
train_856, bare_ground blooming blow_down clear habitation selective_logging, agriculture partly_cloudy primary
train_770, bare_ground blooming blow_down clear habitation selective_logging, agriculture clear cultivation habitation primary road
train_269, bare_ground blooming blow_down clear habitation selective_logging, clear primary
train_30196, bare_ground blooming blow_down clear habitation selective_logging, clear primary selective_logging water
train_230, bare_ground blooming blow_down clear habitation haze selective_logging, agriculture bare_ground habitation partly_cloudy primary road
train_3009, bare_ground blooming blow_down clear habitation selective_logging, agriculture clear habitation primary road
train_24568, bare_ground blooming blow_down clear habitation selective_logging, clear cultivation primary road selective_logging
train_11731, bare_ground blooming blow_down clear habitation selective_logging, bare_ground clear primary
train_2339, bare_ground blooming blow_down clear habitation selective_logging, agriculture clear habitation primary road
train_1165, bare_ground blooming blow_down clear habitation selective_logging, clear primary road water
train_3645, bare_ground blooming blow_down clear habitation haze selective_logging, cloudy
train_256, bare_ground blooming blow_down clear habitation selective_logging, agriculture clear cultivation primary
train_26163, bare_ground blooming blow_down clear habitation selective_logging, blooming clear primary
train_4488, bare_ground blooming blow_down clear habitation haze selective_logging, cloudy
train_3423, bare_ground blooming blow_down clear habitation selective_logging, haze primary
train_3268, bare_ground blooming blow_down clear habitation selective_logging, agriculture haze primary
train_866, bare_ground blooming blow_down clear habitation selective_logging, agriculture clear habitation primary road
train_26945, bare_ground blooming blow_down clear habitation haze selective_logging, artisinal_mine bare_ground clear water
train_739, bare_ground blooming blow_down clear habitation selective_logging, agriculture clear habitation primary
train_26628, bare_ground blooming blow_down clear habitation selective_logging, artisinal_mine clear primary water
train_1264, bare_ground blooming blow_down clear habitation selective_logging, partly_cloudy primary
train_299, bare_ground blooming blow_down clear habitation selective_logging, clear primary
train_29942, bare_ground blooming blow_down clear habitation selective_logging, clear primary road selective_logging
train_2807, bare_ground blooming blow_down clear habitation selective_logging, agriculture clear habitation primary road water
train_27057, bare_ground blooming blow_down clear habitation selective_logging, blooming clear primary
train_2436, bare_ground blooming blow_down clear habitation selective_logging, clear cultivation habitation primary road
train_1159, bare_ground blooming blow_down clear habitation selective_logging, agriculture clear cultivation primary road
train_245, bare_ground blooming blow_down clear habitation selective_logging, blooming clear primary
train_241, bare_ground blooming blow_down clear habitation selective_logging, agriculture haze primary road
train_30675, bare_ground blooming blow_down clear habitation selective_logging, clear primary road selective_logging
train_4534, bare_ground blooming blow_down clear habitation haze selective_logging, cloudy
train_1173, bare_ground blooming blow_down clear habitation selective_logging, agriculture clear habitation primary road
train_2143, bare_ground blooming blow_down clear habitation selective_logging, agriculture clear cultivation primary water
train_295, bare_ground blooming blow_down clear habitation selective_logging, clear primary water
train_4303, bare_ground blooming blow_down clear habitation haze selective_logging, cloudy
train_2820, bare_ground blooming blow_down clear habitation selective_logging, clear habitation primary road
train_26135, bare_ground blooming blow_down clear habitation selective_logging, blooming clear primary
train_957, bare_ground blooming blow_down clear habitation selective_logging, clear habitation primary road
train_11102, bare_ground blooming blow_down clear habitation haze selective_logging, bare_ground clear water
train_25075, bare_ground blooming blow_down clear habitation selective_logging, artisinal_mine clear primary water
train_27687, bare_ground blooming blow_down clear habitation selective_logging, agriculture artisinal_mine clear primary
train_26578, bare_ground blooming blow_down clear habitation selective_logging, artisinal_mine clear primary road
train_4834, bare_ground blooming blow_down clear habitation haze selective_logging, cloudy
train_2452, bare_ground blooming blow_down clear habitation selective_logging, agriculture clear cultivation primary
train_10423, bare_ground blooming blow_down clear habitation selective_logging, bare_ground clear habitation primary water
train_1239, bare_ground blooming blow_down clear habitation selective_logging, agriculture partly_cloudy primary
train_333, bare_ground blooming blow_down clear habitation selective_logging, agriculture clear primary road
train_1419, bare_ground blooming blow_down clear habitation selective_logging, clear primary road water
train_1110, bare_ground blooming blow_down clear habitation selective_logging, partly_cloudy primary
train_291, bare_ground blooming blow_down clear habitation selective_logging, agriculture clear primary road
train_4603, bare_ground blooming blow_down clear habitation haze selective_logging, cloudy
train_30802, bare_ground blooming blow_down clear habitation selective_logging, clear primary road selective_logging
train_10295, bare_ground blooming blow_down clear habitation selective_logging, agriculture bare_ground clear primary road
train_2472, bare_ground blooming blow_down clear habitation selective_logging, agriculture clear habitation primary road
train_25874, bare_ground blooming blow_down clear habitation selective_logging, artisinal_mine clear primary water
train_280, bare_ground blooming blow_down clear habitation selective_logging, partly_cloudy primary
train_25051, bare_ground blooming blow_down clear habitation selective_logging, artisinal_mine clear primary water
train_3452, bare_ground blooming blow_down clear habitation selective_logging, haze primary
train_355, bare_ground blooming blow_down clear habitation selective_logging, clear primary
train_3922, bare_ground blooming blow_down clear habitation selective_logging, cloudy
train_1141, bare_ground blooming blow_down clear habitation selective_logging, clear primary water
train_2765, bare_ground blooming blow_down clear habitation selective_logging, agriculture clear cultivation habitation primary road
train_1216, bare_ground blooming blow_down clear habitation selective_logging, clear primary water
train_39391, bare_ground blooming blow_down clear habitation selective_logging, agriculture bare_ground clear cultivation primary slash_burn
train_3932, bare_ground blooming blow_down clear cloudy habitation haze selective_logging, cloudy
train_362, bare_ground blooming blow_down clear habitation selective_logging, clear primary water
train_11246, bare_ground blooming blow_down clear habitation selective_logging, bare_ground clear
train_2060, bare_ground blooming blow_down clear habitation selective_logging, agriculture clear cultivation habitation primary water
train_725, bare_ground blooming blow_down clear habitation selective_logging, agriculture habitation partly_cloudy primary
train_30337, bare_ground blooming blow_down clear habitation selective_logging, blooming clear primary
train_1129, bare_ground blooming blow_down clear habitation selective_logging, agriculture cultivation partly_cloudy primary road
train_223, bare_ground blooming blow_down clear habitation selective_logging, clear primary
train_319, bare_ground blooming blow_down clear habitation selective_logging, bare_ground clear road
train_1195, bare_ground blooming blow_down clear habitation selective_logging, agriculture clear habitation primary road
train_24746, bare_ground blooming blow_down clear habitation haze selective_logging, artisinal_mine haze primary water
train_721, bare_ground blooming blow_down clear habitation selective_logging, agriculture partly_cloudy primary road
train_4026, bare_ground blooming blow_down clear habitation haze selective_logging, cloudy
train_253, bare_ground blooming blow_down clear habitation selective_logging, agriculture clear habitation primary road
train_26095, bare_ground blooming blow_down clear habitation selective_logging, artisinal_mine clear primary water
train_247, bare_ground blooming blow_down clear habitation selective_logging, agriculture clear cultivation habitation primary road selective_logging
train_4809, bare_ground blooming blow_down clear habitation haze selective_logging, cloudy
train_24776, bare_ground blooming blow_down clear habitation selective_logging, artisinal_mine clear primary water
train_27711, bare_ground blooming blow_down clear habitation selective_logging, clear primary selective_logging
train_4116, bare_ground blooming blow_down clear habitation haze selective_logging, cloudy
train_30867, bare_ground blooming blow_down clear habitation selective_logging, artisinal_mine clear primary water
train_3263, bare_ground blooming blow_down clear habitation selective_logging, haze primary
train_263, bare_ground blooming blow_down clear habitation selective_logging, agriculture clear primary
train_2213, bare_ground blooming blow_down clear habitation selective_logging, agriculture clear cultivation primary road
train_4758, bare_ground blooming blow_down clear habitation haze selective_logging, cloudy
train_2071, bare_ground blooming blow_down clear habitation selective_logging, agriculture clear cultivation primary
train_28418, bare_ground blooming blow_down clear habitation selective_logging, clear primary road selective_logging
train_2217, bare_ground blooming blow_down clear habitation selective_logging, agriculture clear cultivation primary
train_1034, bare_ground blooming blow_down clear habitation selective_logging, agriculture clear cultivation primary road
train_24483, bare_ground blooming blow_down clear habitation selective_logging, clear primary road selective_logging
train_3630, bare_ground blooming blow_down clear habitation selective_logging, haze primary
train_1117, bare_ground blooming blow_down clear habitation selective_logging, agriculture clear cultivation primary road water
train_876, bare_ground blooming blow_down clear habitation selective_logging, agriculture clear cultivation primary
train_264, bare_ground blooming blow_down clear habitation selective_logging, clear primary
train_715, bare_ground blooming blow_down clear habitation selective_logging, agriculture partly_cloudy primary road water
train_25199, bare_ground blooming blow_down clear habitation selective_logging, artisinal_mine clear primary water
train_2881, bare_ground blooming blow_down clear habitation selective_logging, agriculture habitation partly_cloudy primary
train_826, bare_ground blooming blow_down clear habitation selective_logging, agriculture partly_cloudy primary road
train_3835, bare_ground blooming blow_down clear habitation haze selective_logging, cloudy
train_2073, bare_ground blooming blow_down clear habitation selective_logging, agriculture clear cultivation primary
train_258, bare_ground blooming blow_down clear habitation selective_logging, clear habitation primary road
train_2270, bare_ground blooming blow_down clear habitation selective_logging, clear cultivation habitation primary road
train_335, bare_ground blooming blow_down clear habitation selective_logging, clear primary
train_27228, bare_ground blooming blow_down clear habitation selective_logging, clear primary selective_logging
train_303, bare_ground blooming blow_down clear habitation selective_logging, agriculture clear primary
train_370, bare_ground blooming blow_down clear habitation selective_logging, agriculture clear habitation primary road
train_1066, bare_ground blooming blow_down clear habitation selective_logging, agriculture clear cultivation primary water
train_4470, bare_ground blooming blow_down clear cloudy habitation haze selective_logging, cloudy
train_12139, bare_ground blooming blow_down clear habitation selective_logging, bare_ground clear primary road water
train_2130, bare_ground blooming blow_down clear habitation selective_logging, agriculture clear cultivation primary road
train_4359, bare_ground blooming blow_down clear cloudy habitation haze selective_logging, cloudy
train_25641, bare_ground blooming blow_down clear habitation selective_logging, clear primary road selective_logging
train_233, bare_ground blooming blow_down clear habitation selective_logging, clear primary water
train_1112, bare_ground blooming blow_down clear habitation selective_logging, agriculture clear habitation primary water
train_2523, bare_ground blooming blow_down clear habitation selective_logging, agriculture clear habitation primary road
train_1328, bare_ground blooming blow_down clear habitation selective_logging, agriculture partly_cloudy primary road
train_38931, bare_ground blooming blow_down clear habitation selective_logging, clear primary slash_burn water
train_2667, bare_ground blooming blow_down clear habitation haze selective_logging, agriculture artisinal_mine clear cultivation habitation primary road water
train_749, bare_ground blooming blow_down clear habitation selective_logging, agriculture clear primary road
train_26909, bare_ground blooming blow_down clear habitation selective_logging, clear cultivation primary road selective_logging
train_1436, bare_ground blooming blow_down clear habitation selective_logging, artisinal_mine clear primary water
train_12127, bare_ground blooming blow_down clear habitation selective_logging, bare_ground clear primary
train_2999, bare_ground blooming blow_down clear habitation selective_logging, agriculture clear habitation primary road
train_26808, bare_ground blooming blow_down clear habitation selective_logging, agriculture artisinal_mine clear cultivation primary water
train_1136, bare_ground blooming blow_down clear habitation selective_logging, clear primary road water
train_4394, bare_ground blooming blow_down clear habitation haze selective_logging, cloudy
train_29605, bare_ground blooming blow_down clear habitation selective_logging, blooming clear primary
train_29222, bare_ground blooming blow_down clear habitation selective_logging, blooming partly_cloudy primary
train_11061, bare_ground blooming blow_down clear habitation selective_logging, bare_ground clear primary road water
train_27484, bare_ground blooming blow_down clear habitation selective_logging, artisinal_mine clear primary water
train_1206, bare_ground blooming blow_down clear habitation selective_logging, clear habitation primary road water
train_4766, bare_ground blooming blow_down clear habitation haze selective_logging, cloudy
train_28821, bare_ground blooming blow_down clear habitation selective_logging, blooming clear primary
train_2278, bare_ground blooming blow_down clear habitation selective_logging, clear cultivation primary water
train_3445, bare_ground blooming blow_down clear habitation selective_logging, agriculture haze water
train_240, bare_ground blooming blow_down clear habitation selective_logging, agriculture clear primary road
train_4587, bare_ground blooming blow_down clear habitation haze selective_logging, cloudy
train_1225, bare_ground blooming blow_down clear habitation haze selective_logging, partly_cloudy primary
train_696, bare_ground blooming blow_down clear habitation selective_logging, agriculture clear cultivation primary road selective_logging
train_25123, bare_ground blooming blow_down clear habitation selective_logging, blooming partly_cloudy primary selective_logging
train_32077, bare_ground blooming blow_down clear habitation selective_logging, blooming clear primary
train_1090, bare_ground blooming blow_down clear habitation selective_logging, agriculture clear primary water
train_843, bare_ground blooming blow_down clear habitation selective_logging, agriculture clear primary road
train_31496, bare_ground blooming blow_down clear habitation selective_logging, blooming clear primary
train_275, bare_ground blooming blow_down clear habitation selective_logging, clear primary
train_4656, bare_ground blooming blow_down clear habitation haze selective_logging, cloudy
train_2484, bare_ground blooming blow_down clear habitation selective_logging, cultivation habitation partly_cloudy primary road
train_830, bare_ground blooming blow_down clear habitation selective_logging, agriculture clear primary
train_26020, bare_ground blooming blow_down clear habitation selective_logging, clear primary road selective_logging
train_2672, bare_ground blooming blow_down clear habitation selective_logging, clear cultivation habitation primary road water
train_1208, bare_ground blooming blow_down clear habitation selective_logging, clear primary water
train_1210, bare_ground blooming blow_down clear habitation haze selective_logging, partly_cloudy primary
train_2928, bare_ground blooming blow_down clear habitation selective_logging, clear habitation primary road water
train_28782, bare_ground blooming blow_down clear habitation selective_logging, artisinal_mine clear primary water
train_2449, bare_ground blooming blow_down clear habitation selective_logging, agriculture clear cultivation primary road
train_3684, bare_ground blooming blow_down clear habitation haze selective_logging, cloudy
train_10886, bare_ground blooming blow_down clear habitation selective_logging, bare_ground cultivation partly_cloudy primary
train_3561, bare_ground blooming blow_down clear habitation selective_logging, haze water
train_11783, bare_ground blooming blow_down clear habitation haze selective_logging, bare_ground clear primary
train_271, bare_ground blooming blow_down clear habitation selective_logging, clear primary
train_890, bare_ground blooming blow_down clear habitation selective_logging, agriculture clear primary
train_1376, bare_ground blooming blow_down clear habitation selective_logging, agriculture partly_cloudy primary road
train_1357, bare_ground blooming blow_down clear habitation selective_logging, partly_cloudy primary
train_228, bare_ground blooming blow_down clear habitation haze selective_logging, agriculture haze primary road water
train_2052, bare_ground blooming blow_down clear habitation selective_logging, agriculture clear cultivation habitation primary
train_266, bare_ground blooming blow_down clear habitation selective_logging, clear cultivation habitation primary
train_267, bare_ground blooming blow_down clear habitation selective_logging, partly_cloudy primary
train_3760, bare_ground blooming blow_down clear habitation haze selective_logging, cloudy
train_1404, bare_ground blooming blow_down clear habitation selective_logging, partly_cloudy primary
train_996, bare_ground blooming blow_down clear habitation selective_logging, partly_cloudy primary road
train_272, bare_ground blooming blow_down clear habitation selective_logging, agriculture clear primary road
train_1370, bare_ground blooming blow_down clear habitation selective_logging, partly_cloudy primary
train_688, bare_ground blooming blow_down clear habitation haze selective_logging, agriculture haze primary road
train_238, bare_ground blooming blow_down clear habitation selective_logging, clear primary
train_29289, bare_ground blooming blow_down clear habitation selective_logging, clear primary road selective_logging
train_292, bare_ground blooming blow_down clear habitation selective_logging, agriculture partly_cloudy primary
train_991, bare_ground blooming blow_down clear habitation selective_logging, agriculture clear primary road
train_2454, bare_ground blooming blow_down clear habitation selective_logging, agriculture clear cultivation habitation primary road
train_11897, bare_ground blooming blow_down clear habitation selective_logging, agriculture bare_ground partly_cloudy primary road
train_279, bare_ground blooming blow_down clear habitation selective_logging, clear cultivation primary
train_2665, bare_ground blooming blow_down clear habitation selective_logging, agriculture clear habitation primary water
train_29267, bare_ground blooming blow_down clear habitation selective_logging, clear primary selective_logging
train_29683, bare_ground blooming blow_down clear habitation selective_logging, clear primary road selective_logging
train_12718, bare_ground blooming blow_down clear habitation selective_logging, bare_ground clear primary water
train_28611, bare_ground blooming blow_down clear habitation selective_logging, clear primary road selective_logging
train_1184, bare_ground blooming blow_down clear habitation selective_logging, agriculture haze primary water
train_348, bare_ground blooming blow_down clear habitation selective_logging, clear primary
train_2829, bare_ground blooming blow_down clear habitation selective_logging, agriculture clear cultivation habitation primary
train_311, bare_ground blooming blow_down clear habitation selective_logging, agriculture clear habitation primary road
train_2246, bare_ground blooming blow_down clear habitation selective_logging, agriculture clear habitation primary road
train_26714, bare_ground blooming blow_down clear habitation selective_logging, agriculture blooming clear cultivation primary slash_burn
train_1065, bare_ground blooming blow_down clear habitation selective_logging, partly_cloudy primary water
train_1254, bare_ground blooming blow_down clear habitation selective_logging, agriculture clear primary road water
train_239, bare_ground blooming blow_down clear habitation selective_logging, bare_ground clear primary water
train_3532, bare_ground blooming blow_down clear habitation selective_logging, agriculture habitation haze primary road
train_2972, bare_ground blooming blow_down clear habitation selective_logging, clear cultivation habitation primary road
train_982, bare_ground blooming blow_down clear habitation selective_logging, agriculture clear habitation primary road
train_780, bare_ground blooming blow_down clear habitation selective_logging, agriculture clear cultivation primary
train_2783, bare_ground blooming blow_down clear habitation selective_logging, agriculture clear habitation primary road
train_2254, bare_ground blooming blow_down clear habitation selective_logging, agriculture cultivation haze primary road
train_10838, bare_ground blooming blow_down clear habitation selective_logging, bare_ground clear cultivation primary
train_27192, bare_ground blooming blow_down clear habitation selective_logging, blooming clear primary
train_11098, bare_ground blooming blow_down clear habitation selective_logging, agriculture bare_ground clear primary
train_31625, bare_ground blooming blow_down clear habitation selective_logging, clear primary selective_logging
train_736, bare_ground blooming blow_down clear habitation selective_logging, agriculture clear cultivation habitation primary road
train_29281, bare_ground blooming blow_down clear habitation selective_logging, blooming clear primary
train_3229, bare_ground blooming blow_down clear habitation selective_logging, haze primary
train_27581, bare_ground blooming blow_down clear habitation selective_logging, blooming clear primary
train_11866, bare_ground blooming blow_down clear habitation selective_logging, bare_ground clear primary
train_1235, bare_ground blooming blow_down clear habitation selective_logging, agriculture clear habitation primary road
train_1249, bare_ground blooming blow_down clear habitation selective_logging, agriculture partly_cloudy primary road
train_12450, bare_ground blooming blow_down clear habitation selective_logging, bare_ground clear primary
train_2183, bare_ground blooming blow_down clear habitation selective_logging, clear cultivation primary water
train_716, bare_ground blooming blow_down clear habitation selective_logging, agriculture partly_cloudy primary
train_4723, bare_ground blooming blow_down clear habitation haze selective_logging, cloudy
train_2306, bare_ground blooming blow_down clear habitation selective_logging, clear habitation water
train_12706, bare_ground blooming blow_down clear habitation selective_logging, bare_ground clear conventional_mine primary road
train_1291, bare_ground blooming blow_down clear habitation selective_logging, partly_cloudy primary
train_29757, bare_ground blooming blow_down clear habitation selective_logging, blooming clear primary
train_1300, bare_ground blooming blow_down clear habitation selective_logging, partly_cloudy primary water
train_4349, bare_ground blooming blow_down clear habitation haze selective_logging, cloudy
train_4013, bare_ground blooming blow_down clear habitation haze selective_logging, cloudy
train_26232, bare_ground blooming blow_down clear habitation selective_logging, blooming clear primary
train_2252, bare_ground blooming blow_down clear habitation selective_logging, agriculture clear cultivation primary selective_logging
train_25290, bare_ground blooming blow_down clear habitation selective_logging, clear primary road selective_logging
train_249, bare_ground blooming blow_down clear habitation selective_logging, partly_cloudy primary
train_2095, bare_ground blooming blow_down clear habitation selective_logging, clear cultivation primary
train_3394, bare_ground blooming blow_down clear habitation selective_logging, haze primary
train_356, bare_ground blooming blow_down clear habitation selective_logging, clear primary
train_262, bare_ground blooming blow_down clear habitation selective_logging, clear cultivation primary
train_12314, bare_ground blooming blow_down clear habitation selective_logging, bare_ground clear primary
train_1191, bare_ground blooming blow_down clear habitation selective_logging, agriculture clear primary road
train_3071, bare_ground blooming blow_down clear habitation selective_logging, haze primary
train_2309, bare_ground blooming blow_down clear habitation selective_logging, agriculture clear habitation primary road
train_875, bare_ground blooming blow_down clear habitation selective_logging, agriculture clear primary road
train_12022, bare_ground blooming blow_down clear habitation selective_logging, bare_ground clear primary water
train_11815, bare_ground blooming blow_down clear habitation selective_logging, agriculture bare_ground haze primary road
train_2614, bare_ground blooming blow_down clear habitation selective_logging, agriculture clear cultivation habitation primary road
train_38594, bare_ground blooming blow_down clear habitation selective_logging, agriculture clear habitation primary slash_burn
train_376, bare_ground blooming blow_down clear habitation selective_logging, clear primary
train_3975, bare_ground blooming blow_down clear habitation haze selective_logging, cloudy
train_27590, bare_ground blooming blow_down clear habitation selective_logging, clear primary selective_logging
train_3066, bare_ground blooming blow_down clear habitation haze selective_logging, agriculture haze primary water
train_30474, bare_ground blooming blow_down clear habitation selective_logging, clear primary road selective_logging
train_3610, bare_ground blooming blow_down clear habitation haze selective_logging, haze primary
train_2083, bare_ground blooming blow_down clear habitation haze selective_logging, agriculture cultivation habitation partly_cloudy primary road
train_30443, bare_ground blooming blow_down clear habitation selective_logging, blooming clear primary
train_1241, bare_ground blooming blow_down clear habitation selective_logging, agriculture clear primary road
train_30494, bare_ground blooming blow_down clear habitation selective_logging, blooming clear primary
train_2524, bare_ground blooming blow_down clear habitation selective_logging, agriculture clear habitation primary road
train_1073, bare_ground blooming blow_down clear habitation selective_logging, agriculture partly_cloudy primary road
train_2319, bare_ground blooming blow_down clear habitation selective_logging, agriculture clear cultivation primary road
train_3857, bare_ground blooming blow_down clear habitation haze selective_logging, cloudy
train_2112, bare_ground blooming blow_down clear habitation selective_logging, agriculture clear cultivation habitation primary road
train_2310, bare_ground blooming blow_down clear habitation selective_logging, clear habitation primary
train_28109, bare_ground blooming blow_down clear habitation selective_logging, clear primary selective_logging
train_40446, bare_ground blooming blow_down clear habitation selective_logging, clear primary slash_burn water
train_236, bare_ground blooming blow_down clear habitation selective_logging, clear primary
train_3258, bare_ground blooming blow_down clear habitation haze selective_logging, haze primary
train_372, bare_ground blooming blow_down clear habitation selective_logging, clear primary
train_2517, bare_ground blooming blow_down clear habitation selective_logging, agriculture clear cultivation primary road
train_10858, bare_ground blooming blow_down clear habitation selective_logging, bare_ground clear primary
train_2754, bare_ground blooming blow_down clear habitation selective_logging, clear cultivation habitation primary water
train_1181, bare_ground blooming blow_down clear habitation selective_logging, clear primary road selective_logging
train_4476, bare_ground blooming blow_down clear habitation selective_logging, cloudy
train_286, bare_ground blooming blow_down clear habitation selective_logging, agriculture artisinal_mine clear primary water
train_26332, bare_ground blooming blow_down clear habitation selective_logging, blooming clear primary
train_12185, bare_ground blooming blow_down clear habitation selective_logging, bare_ground clear primary water
train_1340, bare_ground blooming blow_down clear habitation selective_logging, agriculture artisinal_mine clear cultivation habitation primary water
train_288, bare_ground blooming blow_down clear habitation selective_logging, clear primary water
train_977, bare_ground blooming blow_down clear habitation selective_logging, agriculture clear habitation primary road water
train_2238, bare_ground blooming blow_down clear habitation selective_logging, agriculture clear cultivation primary slash_burn
train_1162, bare_ground blooming blow_down clear habitation selective_logging, partly_cloudy primary water
train_3232, bare_ground blooming blow_down clear habitation haze selective_logging, agriculture cultivation haze primary
train_2087, bare_ground blooming blow_down clear habitation selective_logging, agriculture clear cultivation primary
train_283, bare_ground blooming blow_down clear habitation selective_logging, partly_cloudy primary water
train_276, bare_ground blooming blow_down clear habitation selective_logging, partly_cloudy primary
train_28878, bare_ground blooming blow_down clear habitation selective_logging, blooming clear primary
train_2496, bare_ground blooming blow_down clear habitation selective_logging, agriculture clear cultivation primary water
train_26748, bare_ground blooming blow_down clear habitation selective_logging, clear primary selective_logging
train_1305, bare_ground blooming blow_down clear habitation selective_logging, agriculture partly_cloudy primary road
train_2338, bare_ground blooming blow_down clear habitation selective_logging, agriculture clear cultivation habitation primary water
train_336, bare_ground blooming blow_down clear habitation selective_logging, clear primary
train_293, bare_ground blooming blow_down clear habitation selective_logging, clear primary water
train_31420, bare_ground blooming blow_down clear habitation selective_logging, artisinal_mine clear primary water
train_4414, bare_ground blooming blow_down clear habitation haze selective_logging, cloudy
train_354, bare_ground blooming blow_down clear habitation selective_logging, clear primary
train_1178, bare_ground blooming blow_down clear habitation selective_logging, agriculture clear habitation primary road
train_29576, bare_ground blooming blow_down clear habitation selective_logging, blooming clear primary
train_12054, bare_ground blooming blow_down clear habitation selective_logging, bare_ground clear road
train_1091, bare_ground blooming blow_down clear habitation selective_logging, agriculture clear habitation primary road
train_1046, bare_ground blooming blow_down clear habitation selective_logging, agriculture clear habitation primary road
train_30024, bare_ground blooming blow_down clear habitation haze selective_logging, artisinal_mine partly_cloudy primary water
train_357, bare_ground blooming blow_down clear habitation selective_logging, clear primary
train_3930, bare_ground blooming blow_down clear habitation haze selective_logging, cloudy
train_30072, bare_ground blooming blow_down clear habitation selective_logging, blooming clear primary
train_10432, bare_ground blooming blow_down clear habitation selective_logging, bare_ground clear
train_1480, bare_ground blooming blow_down clear habitation selective_logging, clear primary water
train_4293, bare_ground blooming blow_down clear habitation haze selective_logging, cloudy
train_27504, bare_ground blooming blow_down clear habitation selective_logging, artisinal_mine clear primary water
train_831, bare_ground blooming blow_down clear habitation selective_logging, agriculture clear primary
train_1123, bare_ground blooming blow_down clear habitation selective_logging, clear habitation primary road
train_364, bare_ground blooming blow_down clear habitation selective_logging, clear primary
train_366, bare_ground blooming blow_down clear habitation selective_logging, clear primary water
train_294, bare_ground blooming blow_down clear habitation selective_logging, clear primary road
train_38995, bare_ground blooming blow_down clear habitation selective_logging, agriculture clear cultivation primary slash_burn
train_29778, bare_ground blooming blow_down clear habitation selective_logging, artisinal_mine clear primary
train_1344, bare_ground blooming blow_down clear habitation haze selective_logging, partly_cloudy primary
train_2335, bare_ground blooming blow_down clear habitation selective_logging, agriculture clear cultivation habitation primary
train_261, bare_ground blooming blow_down clear habitation selective_logging, agriculture clear primary
train_767, bare_ground blooming blow_down clear habitation selective_logging, agriculture clear primary road
train_3065, bare_ground blooming blow_down clear habitation selective_logging, agriculture cultivation habitation partly_cloudy primary road
train_1106, bare_ground blooming blow_down clear habitation selective_logging, agriculture clear habitation primary road
train_27694, bare_ground blooming blow_down clear habitation selective_logging, clear primary road selective_logging
train_1284, bare_ground blooming blow_down clear habitation haze selective_logging, partly_cloudy primary
train_30545, bare_ground blooming blow_down clear habitation selective_logging, clear primary selective_logging
train_4051, bare_ground blooming blow_down clear habitation haze selective_logging, cloudy
train_1350, bare_ground blooming blow_down clear habitation selective_logging, partly_cloudy primary
train_1019, bare_ground blooming blow_down clear habitation selective_logging, agriculture clear habitation primary road
train_10525, bare_ground blooming blow_down clear habitation selective_logging, agriculture bare_ground clear road
train_2780, bare_ground blooming blow_down clear habitation selective_logging, agriculture clear cultivation habitation primary
train_3613, bare_ground blooming blow_down clear habitation haze selective_logging, cloudy
train_2606, bare_ground blooming blow_down clear habitation selective_logging, agriculture clear habitation primary water
train_27457, bare_ground blooming blow_down clear habitation selective_logging, artisinal_mine clear primary water
train_3054, bare_ground blooming blow_down clear habitation selective_logging, agriculture clear cultivation habitation primary road
train_10992, bare_ground blooming blow_down clear habitation selective_logging, bare_ground clear primary
train_3305, bare_ground blooming blow_down clear habitation selective_logging, haze primary
train_2090, bare_ground blooming blow_down clear habitation selective_logging, agriculture clear cultivation primary
train_769, bare_ground blooming blow_down clear habitation selective_logging, agriculture habitation partly_cloudy primary
train_2248, bare_ground blooming blow_down clear habitation selective_logging, agriculture clear habitation primary road
train_1388, bare_ground blooming blow_down clear habitation selective_logging, agriculture clear primary road water
train_2201, bare_ground blooming blow_down clear habitation selective_logging, agriculture clear cultivation habitation primary road
train_30887, bare_ground blooming blow_down clear habitation selective_logging, blooming clear primary
train_29914, bare_ground blooming blow_down clear habitation selective_logging, blooming partly_cloudy primary
train_3208, bare_ground blooming blow_down clear habitation haze selective_logging, haze primary
train_2995, bare_ground blooming blow_down clear habitation selective_logging, habitation partly_cloudy primary water
train_314, bare_ground blooming blow_down clear habitation selective_logging, agriculture clear primary road
train_1364, bare_ground blooming blow_down clear habitation selective_logging, agriculture clear cultivation primary water
train_1233, bare_ground blooming blow_down clear habitation selective_logging, agriculture partly_cloudy primary
train_2299, bare_ground blooming blow_down clear habitation selective_logging, agriculture clear cultivation habitation primary
train_28663, bare_ground blooming blow_down clear habitation selective_logging, agriculture blooming clear cultivation primary
train_29152, bare_ground blooming blow_down clear habitation selective_logging, clear primary selective_logging
train_3228, bare_ground blooming blow_down clear habitation selective_logging, habitation haze primary water
train_1188, bare_ground blooming blow_down clear habitation selective_logging, agriculture clear cultivation primary road
train_29669, bare_ground blooming blow_down clear habitation haze selective_logging, artisinal_mine clear water
train_27980, bare_ground blooming blow_down clear habitation selective_logging, artisinal_mine partly_cloudy primary road water
train_1417, bare_ground blooming blow_down clear habitation selective_logging, clear primary water
train_326, bare_ground blooming blow_down clear habitation selective_logging, agriculture clear primary
train_4094, bare_ground blooming blow_down clear habitation haze selective_logging, cloudy
train_2207, bare_ground blooming blow_down clear habitation selective_logging, agriculture clear cultivation primary
train_2480, bare_ground blooming blow_down clear habitation selective_logging, agriculture cultivation partly_cloudy primary
train_25906, bare_ground blooming blow_down clear habitation selective_logging, blooming clear primary
train_28380, bare_ground blooming blow_down clear habitation selective_logging, blooming clear primary
train_265, bare_ground blooming blow_down clear habitation selective_logging, partly_cloudy primary
train_375, bare_ground blooming blow_down clear habitation selective_logging, clear primary
train_813, bare_ground blooming blow_down clear habitation selective_logging, agriculture clear primary
train_1011, bare_ground blooming blow_down clear habitation selective_logging, clear primary road water
train_1289, bare_ground blooming blow_down clear habitation selective_logging, clear primary water
train_3321, bare_ground blooming blow_down clear habitation selective_logging, haze primary
train_10976, bare_ground blooming blow_down clear habitation selective_logging, bare_ground habitation partly_cloudy primary
train_11938, bare_ground blooming blow_down clear habitation selective_logging, bare_ground clear primary
train_12762, bare_ground blooming blow_down clear habitation selective_logging, bare_ground partly_cloudy primary water
train_2986, bare_ground blooming blow_down clear habitation selective_logging, agriculture clear cultivation habitation primary water
train_1196, bare_ground blooming blow_down clear habitation haze selective_logging, clear water
train_2059, bare_ground blooming blow_down clear habitation selective_logging, agriculture clear cultivation primary
train_1078, bare_ground blooming blow_down clear habitation selective_logging, partly_cloudy primary
train_1393, bare_ground blooming blow_down clear habitation selective_logging, agriculture clear primary road water
train_29725, bare_ground blooming blow_down clear habitation selective_logging, agriculture clear cultivation primary selective_logging
train_1288, bare_ground blooming blow_down clear habitation selective_logging, clear primary water
train_750, bare_ground blooming blow_down clear habitation haze selective_logging, agriculture clear primary water
train_1041, bare_ground blooming blow_down clear habitation selective_logging, agriculture habitation partly_cloudy primary road
train_1139, bare_ground blooming blow_down clear habitation selective_logging, agriculture partly_cloudy primary
train_744, bare_ground blooming blow_down clear habitation selective_logging, agriculture clear habitation primary road
train_25675, bare_ground blooming blow_down clear habitation selective_logging, clear primary road selective_logging
train_1382, bare_ground blooming blow_down clear habitation selective_logging, partly_cloudy primary
train_2467, bare_ground blooming blow_down clear habitation selective_logging, agriculture cultivation partly_cloudy primary road
train_10654, bare_ground blooming blow_down clear habitation selective_logging, bare_ground clear primary
train_1170, bare_ground blooming blow_down clear habitation haze selective_logging, clear habitation primary road
train_30706, bare_ground blooming blow_down clear habitation selective_logging, blooming clear primary
train_811, bare_ground blooming blow_down clear habitation selective_logging, agriculture clear habitation primary
train_313, bare_ground blooming blow_down clear habitation selective_logging, clear primary water
train_793, bare_ground blooming blow_down clear habitation selective_logging, agriculture clear primary road
train_329, bare_ground blooming blow_down clear habitation selective_logging, clear primary road water
train_25328, bare_ground blooming blow_down clear habitation selective_logging, artisinal_mine clear primary water
train_243, bare_ground blooming blow_down clear habitation selective_logging, clear primary
train_1097, bare_ground blooming blow_down clear habitation selective_logging, clear primary water
train_25045, bare_ground blooming blow_down clear habitation haze selective_logging, agriculture artisinal_mine clear primary road water
train_3240, bare_ground blooming blow_down clear habitation selective_logging, haze primary
train_25334, bare_ground blooming blow_down clear habitation selective_logging, clear primary road selective_logging
train_2074, bare_ground blooming blow_down clear habitation selective_logging, agriculture clear cultivation primary
train_251, bare_ground blooming blow_down clear habitation selective_logging, clear primary
train_27009, bare_ground blooming blow_down clear habitation selective_logging, artisinal_mine clear primary
train_814, bare_ground blooming blow_down clear habitation selective_logging, agriculture clear habitation primary road
train_282, bare_ground blooming blow_down clear habitation haze selective_logging, partly_cloudy primary
train_255, bare_ground blooming blow_down clear habitation selective_logging, agriculture clear habitation primary road
train_690, bare_ground blooming blow_down clear habitation selective_logging, agriculture haze primary road
train_2276, bare_ground blooming blow_down clear habitation haze selective_logging, agriculture clear cultivation habitation primary water
train_2157, bare_ground blooming blow_down clear habitation selective_logging, clear cultivation primary
train_1144, bare_ground blooming blow_down clear habitation selective_logging, agriculture clear primary road
train_12174, bare_ground blooming blow_down clear habitation selective_logging, bare_ground blooming clear cultivation primary
train_300, bare_ground blooming blow_down clear habitation selective_logging, clear primary
train_1474, bare_ground blooming blow_down clear habitation selective_logging, agriculture partly_cloudy primary road
train_879, bare_ground blooming blow_down clear habitation haze selective_logging, agriculture haze primary
train_1009, bare_ground blooming blow_down clear habitation selective_logging, agriculture clear primary road
train_10197, bare_ground blooming blow_down clear habitation selective_logging, bare_ground clear
train_11035, bare_ground blooming blow_down clear habitation selective_logging, artisinal_mine bare_ground clear primary road water
train_3250, bare_ground blooming blow_down clear habitation selective_logging, agriculture haze primary water
train_25257, bare_ground blooming blow_down clear habitation selective_logging, artisinal_mine bare_ground clear habitation primary road water
train_3179, bare_ground blooming blow_down clear habitation selective_logging, haze primary
train_4292, bare_ground blooming blow_down clear habitation selective_logging, cloudy
train_252, bare_ground blooming blow_down clear habitation selective_logging, clear habitation primary
train_24882, bare_ground blooming blow_down clear habitation selective_logging, haze primary selective_logging
train_3007, bare_ground blooming blow_down clear habitation selective_logging, haze primary water
train_2663, bare_ground blooming blow_down clear habitation selective_logging, agriculture clear cultivation habitation primary road
train_988, bare_ground blooming blow_down clear habitation selective_logging, agriculture partly_cloudy primary road
train_1077, bare_ground blooming blow_down clear habitation selective_logging, habitation partly_cloudy primary road
train_11796, bare_ground blooming blow_down clear habitation selective_logging, bare_ground clear primary
train_25785, bare_ground blooming blow_down clear habitation selective_logging, blooming clear primary
train_270, bare_ground blooming blow_down clear habitation selective_logging, agriculture clear primary road
train_12225, bare_ground blooming blow_down clear habitation selective_logging, bare_ground clear primary selective_logging water
train_867, bare_ground blooming blow_down clear habitation selective_logging, agriculture clear habitation primary road
train_4592, bare_ground blooming blow_down clear habitation haze selective_logging, cloudy
train_235, bare_ground blooming blow_down clear habitation selective_logging, clear primary
train_29975, bare_ground blooming blow_down clear habitation selective_logging, blooming clear primary
train_2244, bare_ground blooming blow_down clear habitation selective_logging, agriculture clear cultivation habitation primary road
train_24464, bare_ground blooming blow_down clear habitation selective_logging, clear primary selective_logging
train_31330, bare_ground blooming blow_down clear habitation selective_logging, artisinal_mine clear primary water
train_3995, bare_ground blooming blow_down clear habitation selective_logging, cloudy
train_2633, bare_ground blooming blow_down clear habitation selective_logging, clear habitation primary water
train_224, bare_ground blooming blow_down clear habitation selective_logging, agriculture clear primary
train_10704, bare_ground blooming blow_down clear habitation selective_logging, bare_ground clear primary road
train_25837, bare_ground blooming blow_down clear habitation selective_logging, clear primary selective_logging
train_2325, bare_ground blooming blow_down clear habitation selective_logging, agriculture clear cultivation habitation primary water
train_1368, bare_ground blooming blow_down clear habitation selective_logging, partly_cloudy primary
train_722, bare_ground blooming blow_down clear habitation selective_logging, agriculture clear primary road water
train_31275, bare_ground blooming blow_down clear habitation selective_logging, clear primary selective_logging water
train_31540, bare_ground blooming blow_down clear habitation selective_logging, clear primary selective_logging
train_1207, bare_ground blooming blow_down clear habitation selective_logging, agriculture partly_cloudy primary road water
train_733, bare_ground blooming blow_down clear habitation selective_logging, agriculture clear primary road
train_1081, bare_ground blooming blow_down clear habitation haze selective_logging, partly_cloudy water
train_3837, bare_ground blooming blow_down clear habitation haze selective_logging, cloudy
train_242, bare_ground blooming blow_down clear habitation selective_logging, clear primary
train_882, bare_ground blooming blow_down clear habitation selective_logging, agriculture partly_cloudy primary
train_232, bare_ground blooming blow_down clear habitation selective_logging, clear primary
train_11870, bare_ground blooming blow_down clear habitation selective_logging, agriculture bare_ground clear cultivation primary road
train_809, bare_ground blooming blow_down clear habitation selective_logging, agriculture clear cultivation habitation primary road
train_10429, bare_ground blooming blow_down clear habitation selective_logging, bare_ground clear cultivation primary
train_3379, bare_ground blooming blow_down clear habitation selective_logging, haze primary
train_1337, bare_ground blooming blow_down clear habitation selective_logging, clear primary selective_logging water
train_1087, bare_ground blooming blow_down clear habitation selective_logging, agriculture clear primary road slash_burn
train_2973, bare_ground blooming blow_down clear habitation selective_logging, agriculture clear habitation primary road
train_29779, bare_ground blooming blow_down clear habitation haze selective_logging, artisinal_mine clear primary water
train_11933, bare_ground blooming blow_down clear habitation selective_logging, agriculture bare_ground clear habitation primary road
train_1250, bare_ground blooming blow_down clear habitation selective_logging, partly_cloudy primary
train_29459, bare_ground blooming blow_down clear habitation selective_logging, blooming clear primary
train_3951, bare_ground blooming blow_down clear habitation selective_logging, cloudy
train_1099, bare_ground blooming blow_down clear habitation selective_logging, clear primary water
train_11543, bare_ground blooming blow_down clear habitation selective_logging, bare_ground clear habitation primary water
train_3543, bare_ground blooming blow_down clear habitation haze selective_logging, agriculture haze primary water
train_25744, bare_ground blooming blow_down clear habitation selective_logging, blooming clear primary
train_30719, bare_ground blooming blow_down clear habitation selective_logging, artisinal_mine clear primary water
train_3077, bare_ground blooming blow_down clear habitation selective_logging, haze primary
train_344, bare_ground blooming blow_down clear habitation selective_logging, clear primary
train_1234, bare_ground blooming blow_down clear habitation selective_logging, agriculture clear cultivation habitation primary road
train_1244, bare_ground blooming blow_down clear habitation selective_logging, clear primary water
train_3463, bare_ground blooming blow_down clear habitation haze selective_logging, agriculture haze road
train_28509, bare_ground blooming blow_down clear habitation haze selective_logging, artisinal_mine clear primary water
train_28973, bare_ground blooming blow_down clear habitation selective_logging, artisinal_mine clear conventional_mine primary road water
train_872, bare_ground blooming blow_down clear habitation selective_logging, agriculture clear primary road water
train_1131, bare_ground blooming blow_down clear habitation selective_logging, partly_cloudy primary
train_3815, bare_ground blooming blow_down clear habitation haze selective_logging, cloudy
train_3397, bare_ground blooming blow_down clear habitation selective_logging, haze primary
train_1186, bare_ground blooming blow_down clear habitation selective_logging, partly_cloudy primary
train_728, bare_ground blooming blow_down clear habitation selective_logging, agriculture clear cultivation habitation primary road slash_burn
train_3365, bare_ground blooming blow_down clear habitation selective_logging, haze primary
train_30837, bare_ground blooming blow_down clear habitation selective_logging, artisinal_mine clear primary water
train_3501, bare_ground blooming blow_down clear habitation selective_logging, habitation haze primary water
train_2469, bare_ground blooming blow_down clear habitation selective_logging, agriculture cultivation partly_cloudy primary
train_25836, bare_ground blooming blow_down clear habitation selective_logging, clear primary selective_logging
train_1102, bare_ground blooming blow_down clear habitation selective_logging, agriculture clear habitation primary road
train_720, bare_ground blooming blow_down clear habitation selective_logging, agriculture clear cultivation habitation primary
train_883, bare_ground blooming blow_down clear habitation selective_logging, agriculture clear primary
train_2497, bare_ground blooming blow_down clear habitation selective_logging, agriculture cultivation partly_cloudy primary road
train_1290, bare_ground blooming blow_down clear habitation selective_logging, clear primary water
train_29941, bare_ground blooming blow_down clear habitation selective_logging, artisinal_mine clear habitation primary road water
train_3534, bare_ground blooming blow_down clear habitation selective_logging, haze primary
train_318, bare_ground blooming blow_down clear habitation selective_logging, clear primary
train_27257, bare_ground blooming blow_down clear habitation selective_logging, clear primary selective_logging
train_29265, bare_ground blooming blow_down clear habitation selective_logging, clear primary selective_logging
train_2502, bare_ground blooming blow_down clear habitation selective_logging, agriculture clear cultivation primary slash_burn
train_29228, bare_ground blooming blow_down clear habitation selective_logging, agriculture blooming clear primary
train_369, bare_ground blooming blow_down clear habitation selective_logging, agriculture clear cultivation habitation primary
train_1135, bare_ground blooming blow_down clear habitation selective_logging, clear primary water
train_27487, bare_ground blooming blow_down clear habitation selective_logging, blooming clear primary
train_30267, bare_ground blooming blow_down clear habitation selective_logging, agriculture artisinal_mine partly_cloudy primary water
train_857, bare_ground blooming blow_down clear habitation selective_logging, agriculture clear primary
train_4003, bare_ground blooming blow_down clear habitation selective_logging, cloudy
train_345, bare_ground blooming blow_down clear habitation selective_logging, agriculture clear primary
train_2322, bare_ground blooming blow_down clear habitation selective_logging, agriculture clear cultivation primary water
train_10474, bare_ground blooming blow_down clear habitation selective_logging, bare_ground haze primary water
train_11772, bare_ground blooming blow_down clear habitation selective_logging, bare_ground clear habitation primary road
train_227, bare_ground blooming blow_down clear habitation selective_logging, agriculture clear cultivation primary
train_26361, bare_ground blooming blow_down clear habitation selective_logging, blooming clear primary
train_1453, bare_ground blooming blow_down clear habitation selective_logging, agriculture cultivation partly_cloudy primary road
train_3171, bare_ground blooming blow_down clear habitation selective_logging, haze primary
train_2321, bare_ground blooming blow_down clear habitation selective_logging, agriculture cultivation partly_cloudy primary road
train_1401, bare_ground blooming blow_down clear habitation selective_logging, agriculture clear cultivation habitation primary road water
train_1098, bare_ground blooming blow_down clear habitation selective_logging, agriculture clear habitation primary road water
train_1243, bare_ground blooming blow_down clear habitation selective_logging, clear primary water
train_11277, bare_ground blooming blow_down clear habitation selective_logging, bare_ground clear primary road selective_logging
train_237, bare_ground blooming blow_down clear habitation selective_logging, artisinal_mine clear primary road water
train_1093, bare_ground blooming blow_down clear habitation selective_logging, agriculture clear primary road
train_4133, bare_ground blooming blow_down clear habitation haze selective_logging, cloudy
train_3168, bare_ground blooming blow_down clear habitation selective_logging, haze primary
train_2532, bare_ground blooming blow_down clear habitation selective_logging, agriculture clear habitation primary road
train_2470, bare_ground blooming blow_down clear habitation selective_logging, agriculture habitation haze primary
train_32245, bare_ground blooming blow_down clear habitation selective_logging, blooming clear primary
train_841, bare_ground blooming blow_down clear habitation selective_logging, agriculture clear primary
train_11752, bare_ground blooming blow_down clear habitation selective_logging, agriculture bare_ground clear cultivation primary
train_4007, bare_ground blooming blow_down clear habitation haze selective_logging, cloudy
train_11695, bare_ground blooming blow_down clear habitation selective_logging, bare_ground clear primary
train_27589, bare_ground blooming blow_down clear habitation selective_logging, blooming clear primary
train_11536, bare_ground blooming blow_down clear habitation haze selective_logging, artisinal_mine bare_ground clear road water
train_31172, bare_ground blooming blow_down clear habitation selective_logging, artisinal_mine clear primary water
train_32149, bare_ground blooming blow_down clear habitation selective_logging, blooming clear primary
train_1080, bare_ground blooming blow_down clear habitation selective_logging, clear primary water
train_726, bare_ground blooming blow_down clear habitation haze selective_logging, agriculture partly_cloudy primary water
train_3515, bare_ground blooming blow_down clear habitation selective_logging, cultivation haze primary
train_4127, bare_ground blooming blow_down clear habitation haze selective_logging, cloudy
train_29482, bare_ground blooming blow_down clear habitation selective_logging, agriculture blooming clear cultivation primary
train_2710, bare_ground blooming blow_down clear habitation haze selective_logging, clear habitation road
train_804, bare_ground blooming blow_down clear habitation haze selective_logging, agriculture partly_cloudy primary road
train_3849, bare_ground blooming blow_down clear habitation haze selective_logging, cloudy
train_10931, bare_ground blooming blow_down clear habitation selective_logging, bare_ground clear
train_4214, bare_ground blooming blow_down clear cloudy habitation haze selective_logging, cloudy
train_24712, bare_ground blooming blow_down clear habitation selective_logging, clear primary road selective_logging
train_4256, bare_ground blooming blow_down clear habitation haze selective_logging, cloudy
train_4438, bare_ground blooming blow_down clear habitation haze selective_logging, cloudy
train_3235, bare_ground blooming blow_down clear habitation haze selective_logging, agriculture haze road
train_2142, bare_ground blooming blow_down clear habitation selective_logging, clear cultivation primary
train_753, bare_ground blooming blow_down clear habitation selective_logging, agriculture partly_cloudy primary
train_4362, bare_ground blooming blow_down clear habitation haze selective_logging, cloudy
train_1226, bare_ground blooming blow_down clear habitation selective_logging, partly_cloudy primary
train_1338, bare_ground blooming blow_down clear habitation selective_logging, clear primary water
train_10866, bare_ground blooming blow_down clear habitation selective_logging, bare_ground clear primary water
train_2425, bare_ground blooming blow_down clear habitation selective_logging, agriculture clear habitation primary road
train_1061, bare_ground blooming blow_down clear habitation selective_logging, agriculture clear cultivation habitation primary road water
train_2987, bare_ground blooming blow_down clear habitation selective_logging, agriculture clear habitation primary road
train_756, bare_ground blooming blow_down clear habitation selective_logging, agriculture cultivation habitation partly_cloudy primary road
train_3129, bare_ground blooming blow_down clear habitation haze selective_logging, haze primary
train_3223, bare_ground blooming blow_down clear habitation selective_logging, haze primary
train_2429, bare_ground blooming blow_down clear habitation selective_logging, agriculture clear cultivation primary road
train_1320, bare_ground blooming blow_down clear habitation selective_logging, agriculture haze primary water
train_25829, bare_ground blooming blow_down clear habitation selective_logging, clear primary road selective_logging
train_29963, bare_ground blooming blow_down clear habitation selective_logging, artisinal_mine clear primary water
train_1014, bare_ground blooming blow_down clear habitation selective_logging, agriculture partly_cloudy primary road
train_29600, bare_ground blooming blow_down clear habitation selective_logging, clear primary road selective_logging
train_3481, bare_ground blooming blow_down clear habitation selective_logging, agriculture haze primary road
train_1125, bare_ground blooming blow_down clear habitation selective_logging, partly_cloudy primary
train_10309, bare_ground blooming blow_down clear habitation selective_logging, bare_ground clear primary
train_339, bare_ground blooming blow_down clear habitation selective_logging, clear primary
train_3440, bare_ground blooming blow_down clear habitation selective_logging, agriculture cultivation haze primary
train_763, bare_ground blooming blow_down clear habitation selective_logging, agriculture clear primary water
train_221, bare_ground blooming blow_down clear habitation selective_logging, clear primary
train_378, bare_ground blooming blow_down clear habitation selective_logging, clear primary
train_28844, bare_ground blooming blow_down clear habitation selective_logging, blooming clear primary
train_25934, bare_ground blooming blow_down clear habitation selective_logging, artisinal_mine clear primary road water
train_327, bare_ground blooming blow_down clear habitation selective_logging, clear primary
train_4448, bare_ground blooming blow_down clear habitation haze selective_logging, cloudy
train_28019, bare_ground blooming blow_down clear habitation selective_logging, artisinal_mine clear primary road water
train_1105, bare_ground blooming blow_down clear habitation haze selective_logging, partly_cloudy primary
train_30086, bare_ground blooming blow_down clear habitation selective_logging, clear primary road selective_logging
train_25738, bare_ground blooming blow_down clear habitation selective_logging, blooming clear primary water
train_1032, bare_ground blooming blow_down clear habitation haze selective_logging, agriculture partly_cloudy primary road
train_24877, bare_ground blooming blow_down clear habitation haze selective_logging, artisinal_mine clear water
train_317, bare_ground blooming blow_down clear habitation selective_logging, clear primary
train_38750, bare_ground blooming blow_down clear habitation selective_logging, agriculture clear cultivation primary slash_burn
train_28758, bare_ground blooming blow_down clear habitation selective_logging, artisinal_mine clear primary water
train_1130, bare_ground blooming blow_down clear habitation selective_logging, agriculture clear habitation primary road water
train_1444, bare_ground blooming blow_down clear habitation selective_logging, agriculture clear primary water
train_816, bare_ground blooming blow_down clear habitation selective_logging, agriculture clear cultivation primary
train_26686, bare_ground blooming blow_down clear habitation selective_logging, blooming clear primary
train_1398, bare_ground blooming blow_down clear habitation selective_logging, agriculture partly_cloudy primary road
train_28778, bare_ground blooming blow_down clear habitation selective_logging, artisinal_mine bare_ground clear primary
train_859, bare_ground blooming blow_down clear habitation haze selective_logging, agriculture clear primary road
train_27314, bare_ground blooming blow_down clear habitation selective_logging, blooming clear primary
train_25100, bare_ground blooming blow_down clear habitation selective_logging, clear primary selective_logging
train_10888, bare_ground blooming blow_down clear habitation selective_logging, bare_ground clear habitation primary road water
train_4077, bare_ground blooming blow_down clear habitation haze selective_logging, cloudy
train_289, bare_ground blooming blow_down clear habitation selective_logging, clear primary
train_3019, bare_ground blooming blow_down clear habitation selective_logging, agriculture clear habitation primary
train_30203, bare_ground blooming blow_down clear habitation selective_logging, artisinal_mine clear primary road water
train_30011, bare_ground blooming blow_down clear habitation selective_logging, clear primary selective_logging
train_31556, bare_ground blooming blow_down clear habitation selective_logging, artisinal_mine clear habitation primary water
train_12589, bare_ground blooming blow_down clear habitation selective_logging, agriculture bare_ground clear cultivation primary slash_burn
train_28930, bare_ground blooming blow_down clear habitation selective_logging, blooming clear primary
train_12578, bare_ground blooming blow_down clear habitation selective_logging, bare_ground partly_cloudy primary road
train_12283, bare_ground blooming blow_down clear habitation selective_logging, bare_ground clear
train_4372, bare_ground blooming blow_down clear habitation haze selective_logging, cloudy
train_281, bare_ground blooming blow_down clear habitation selective_logging, clear primary selective_logging
train_1223, bare_ground blooming blow_down clear habitation selective_logging, bare_ground clear primary road water
train_350, bare_ground blooming blow_down clear habitation selective_logging, agriculture clear primary road
train_2384, bare_ground blooming blow_down clear habitation selective_logging, agriculture clear cultivation primary road water
train_1442, bare_ground blooming blow_down clear habitation haze selective_logging, partly_cloudy primary
train_11646, bare_ground blooming blow_down clear habitation selective_logging, agriculture bare_ground clear cultivation primary
train_1302, bare_ground blooming blow_down clear habitation selective_logging, agriculture partly_cloudy primary
train_3424, bare_ground blooming blow_down clear habitation selective_logging, haze primary water
train_1312, bare_ground blooming blow_down clear habitation selective_logging, partly_cloudy primary
train_274, bare_ground blooming blow_down clear habitation haze selective_logging, artisinal_mine clear primary road water
train_2698, bare_ground blooming blow_down clear habitation selective_logging, agriculture clear habitation road
train_30877, bare_ground blooming blow_down clear habitation selective_logging, blooming clear primary
train_28408, bare_ground blooming blow_down clear habitation selective_logging, blooming clear primary
train_1185, bare_ground blooming blow_down clear habitation selective_logging, clear primary water
train_1465, bare_ground blooming blow_down clear habitation selective_logging, agriculture clear cultivation habitation primary road slash_burn water
train_4205, bare_ground blooming blow_down clear habitation haze selective_logging, cloudy
train_1095, bare_ground blooming blow_down clear habitation selective_logging, agriculture partly_cloudy primary
train_278, bare_ground blooming blow_down clear habitation selective_logging, clear primary
train_2044, bare_ground blooming blow_down clear habitation selective_logging, agriculture cultivation habitation partly_cloudy primary
train_301, bare_ground blooming blow_down clear habitation selective_logging, agriculture clear primary road water
train_3461, bare_ground blooming blow_down clear habitation selective_logging, cultivation haze primary
train_2374, bare_ground blooming blow_down clear habitation selective_logging, agriculture clear cultivation primary road
train_3564, bare_ground blooming blow_down clear habitation selective_logging, agriculture haze primary
train_4628, bare_ground blooming blow_down clear habitation selective_logging, cloudy
train_2559, bare_ground blooming blow_down clear habitation selective_logging, agriculture clear habitation primary road
train_2561, bare_ground blooming blow_down clear habitation selective_logging, agriculture clear cultivation habitation primary road
train_2535, bare_ground blooming blow_down clear habitation selective_logging, agriculture clear cultivation primary water
train_3043, bare_ground blooming blow_down clear habitation selective_logging, haze primary
train_751, bare_ground blooming blow_down clear habitation selective_logging, agriculture clear primary road
train_28557, bare_ground blooming blow_down clear habitation selective_logging, clear primary selective_logging
train_373, bare_ground blooming blow_down clear habitation selective_logging, clear primary
train_738, bare_ground blooming blow_down clear habitation selective_logging, agriculture clear cultivation primary
train_699, bare_ground blooming blow_down clear habitation selective_logging, agriculture clear habitation primary water
train_3398, bare_ground blooming blow_down clear habitation selective_logging, haze primary
train_39965, bare_ground blooming blow_down clear habitation selective_logging, clear cultivation primary slash_burn
train_3401, bare_ground blooming blow_down clear habitation selective_logging, haze primary
train_2605, bare_ground blooming blow_down clear habitation selective_logging, bare_ground habitation partly_cloudy primary road
train_297, bare_ground blooming blow_down clear habitation selective_logging, agriculture clear cultivation primary
train_368, bare_ground blooming blow_down clear habitation selective_logging, clear primary
train_1468, bare_ground blooming blow_down clear habitation haze selective_logging, partly_cloudy primary water
train_2483, bare_ground blooming blow_down clear habitation haze selective_logging, agriculture clear habitation primary road water
train_1202, bare_ground blooming blow_down clear habitation selective_logging, partly_cloudy primary
train_28732, bare_ground blooming blow_down clear habitation selective_logging, agriculture clear cultivation primary selective_logging
train_27164, bare_ground blooming blow_down clear habitation selective_logging, artisinal_mine clear primary water
train_358, bare_ground blooming blow_down clear habitation selective_logging, agriculture clear cultivation primary
train_25950, bare_ground blooming blow_down clear habitation selective_logging, agriculture blooming blow_down clear cultivation primary
train_259, bare_ground blooming blow_down clear habitation selective_logging, partly_cloudy primary
train_268, bare_ground blooming blow_down clear habitation selective_logging, agriculture clear habitation primary road
train_30491, bare_ground blooming blow_down clear habitation selective_logging, artisinal_mine clear primary water
train_1402, bare_ground blooming blow_down clear habitation selective_logging, clear primary water
train_2249, bare_ground blooming blow_down clear habitation selective_logging, agriculture clear cultivation primary
train_4788, bare_ground blooming blow_down clear cloudy habitation haze selective_logging, cloudy
train_3413, bare_ground blooming blow_down clear habitation selective_logging, haze primary
train_1229, bare_ground blooming blow_down clear habitation selective_logging, agriculture haze primary road water
train_3279, bare_ground blooming blow_down clear habitation haze selective_logging, haze primary water
train_2414, bare_ground blooming blow_down clear habitation selective_logging, cultivation partly_cloudy primary slash_burn
train_1119, bare_ground blooming blow_down clear habitation haze selective_logging, agriculture clear habitation primary road
train_2440, bare_ground blooming blow_down clear habitation selective_logging, agriculture habitation haze primary
train_1383, bare_ground blooming blow_down clear habitation selective_logging, clear primary water
train_25873, bare_ground blooming blow_down clear habitation selective_logging, clear primary road selective_logging
train_321, bare_ground blooming blow_down clear habitation selective_logging, clear primary water
train_4065, bare_ground blooming blow_down clear habitation haze selective_logging, cloudy
train_30679, bare_ground blooming blow_down clear habitation selective_logging, blooming clear primary road
train_820, bare_ground blooming blow_down clear habitation selective_logging, agriculture clear habitation primary road water
train_1258, bare_ground blooming blow_down clear habitation selective_logging, clear primary water
train_1132, bare_ground blooming blow_down clear habitation selective_logging, clear primary road water
train_30138, bare_ground blooming blow_down clear habitation selective_logging, clear primary selective_logging
train_27861, bare_ground blooming blow_down clear habitation selective_logging, blooming clear primary
train_1335, bare_ground blooming blow_down clear habitation selective_logging, partly_cloudy primary
train_2759, bare_ground blooming blow_down clear habitation selective_logging, clear habitation primary road
train_28297, bare_ground blooming blow_down clear habitation selective_logging, artisinal_mine clear habitation primary road water
train_2803, bare_ground blooming blow_down clear habitation selective_logging, agriculture clear cultivation habitation primary
train_3569, bare_ground blooming blow_down clear habitation selective_logging, haze primary
train_380, bare_ground blooming blow_down clear habitation selective_logging, clear primary
train_31438, bare_ground blooming blow_down clear habitation selective_logging, artisinal_mine clear habitation primary road water
train_31664, bare_ground blooming blow_down clear habitation selective_logging, blooming clear primary water
train_1415, bare_ground blooming blow_down clear habitation haze selective_logging, partly_cloudy primary
train_31233, bare_ground blooming blow_down clear habitation selective_logging, clear primary selective_logging
train_298, bare_ground blooming blow_down clear habitation selective_logging, agriculture bare_ground clear cultivation habitation primary
train_3390, bare_ground blooming blow_down clear habitation selective_logging, agriculture haze primary
train_12658, bare_ground blooming blow_down clear habitation selective_logging, agriculture bare_ground clear
train_2300, bare_ground blooming blow_down clear habitation selective_logging, blooming clear cultivation primary
train_307, bare_ground blooming blow_down clear habitation selective_logging, clear primary
train_11442, bare_ground blooming blow_down clear habitation selective_logging, agriculture bare_ground clear primary road
train_310, bare_ground blooming blow_down clear habitation selective_logging, clear primary
train_290, bare_ground blooming blow_down clear habitation selective_logging, clear water
train_338, bare_ground blooming blow_down clear habitation selective_logging, agriculture clear primary
train_1183, bare_ground blooming blow_down clear habitation selective_logging, partly_cloudy primary road selective_logging
train_3575, bare_ground blooming blow_down clear habitation haze selective_logging, haze primary water
train_2251, bare_ground blooming blow_down clear habitation selective_logging, agriculture clear habitation primary road
train_2091, bare_ground blooming blow_down clear habitation selective_logging, agriculture clear cultivation primary slash_burn
train_28849, bare_ground blooming blow_down clear habitation haze selective_logging, artisinal_mine partly_cloudy primary
train_309, bare_ground blooming blow_down clear habitation selective_logging, agriculture clear primary water
train_2485, bare_ground blooming blow_down clear habitation selective_logging, clear cultivation habitation primary road
train_29461, bare_ground blooming blow_down clear habitation selective_logging, agriculture artisinal_mine clear primary
train_1251, bare_ground blooming blow_down clear habitation selective_logging, clear primary road water
train_3333, bare_ground blooming blow_down clear habitation selective_logging, haze primary
train_30627, bare_ground blooming blow_down clear habitation selective_logging, clear primary road selective_logging
train_374, bare_ground blooming blow_down clear habitation selective_logging, agriculture clear primary
train_260, bare_ground blooming blow_down clear habitation selective_logging, clear primary road water
train_29928, bare_ground blooming blow_down clear habitation haze selective_logging, artisinal_mine bare_ground clear primary water
train_277, bare_ground blooming blow_down clear habitation selective_logging, clear primary
train_1420, bare_ground blooming blow_down clear habitation selective_logging, agriculture clear primary water
train_3064, bare_ground blooming blow_down clear habitation selective_logging, agriculture clear habitation primary road
train_27983, bare_ground blooming blow_down clear habitation selective_logging, blooming clear primary
train_31311, bare_ground blooming blow_down clear habitation selective_logging, clear primary road selective_logging
train_27161, bare_ground blooming blow_down clear habitation haze selective_logging, artisinal_mine clear primary
train_27689, bare_ground blooming blow_down clear habitation selective_logging, blooming clear primary
train_296, bare_ground blooming blow_down clear habitation selective_logging, clear primary
train_966, bare_ground blooming blow_down clear habitation selective_logging, agriculture clear primary road
train_1103, bare_ground blooming blow_down clear habitation selective_logging, partly_cloudy primary
train_1128, bare_ground blooming blow_down clear habitation selective_logging, agriculture clear cultivation habitation primary road
train_702, bare_ground blooming blow_down clear habitation haze selective_logging, agriculture clear primary road
train_254, bare_ground blooming blow_down clear habitation selective_logging, clear primary
train_997, bare_ground blooming blow_down clear habitation selective_logging, artisinal_mine clear primary road selective_logging water
train_1308, bare_ground blooming blow_down clear habitation selective_logging, clear primary water
train_998, bare_ground blooming blow_down clear habitation selective_logging, agriculture cultivation partly_cloudy primary road
train_1356, bare_ground blooming blow_down clear habitation selective_logging, partly_cloudy primary
train_379, bare_ground blooming blow_down clear habitation selective_logging, agriculture clear primary road
train_27367, bare_ground blooming blow_down clear habitation selective_logging, clear primary road selective_logging water
train_3657, bare_ground blooming blow_down clear habitation haze selective_logging, cloudy
train_894, bare_ground blooming blow_down clear habitation selective_logging, agriculture clear cultivation primary
train_26301, bare_ground blooming blow_down clear habitation selective_logging, artisinal_mine clear primary water
train_2084, bare_ground blooming blow_down clear habitation selective_logging, agriculture cultivation haze primary road
train_27635, bare_ground blooming blow_down clear habitation selective_logging, blooming clear primary
train_3266, bare_ground blooming blow_down clear habitation haze selective_logging, haze primary
train_12690, bare_ground blooming blow_down clear habitation selective_logging, bare_ground clear primary water
train_346, bare_ground blooming blow_down clear habitation selective_logging, clear primary
train_26234, bare_ground blooming blow_down clear habitation selective_logging, bare_ground clear primary road selective_logging
train_1138, bare_ground blooming blow_down clear habitation selective_logging, agriculture partly_cloudy primary
train_953, bare_ground blooming blow_down clear habitation selective_logging, agriculture habitation partly_cloudy primary road water
train_330, bare_ground blooming blow_down clear habitation selective_logging, agriculture clear primary water
train_2463, bare_ground blooming blow_down clear habitation selective_logging, agriculture clear cultivation primary
train_28850, bare_ground blooming blow_down clear habitation selective_logging, clear habitation primary selective_logging
train_29246, bare_ground blooming blow_down clear habitation selective_logging, clear primary selective_logging
train_829, bare_ground blooming blow_down clear habitation selective_logging, agriculture clear primary road
train_31298, bare_ground blooming blow_down clear habitation selective_logging, clear primary road selective_logging
train_1352, bare_ground blooming blow_down clear habitation selective_logging, clear cultivation primary water
train_1175, bare_ground blooming blow_down clear habitation selective_logging, partly_cloudy primary
train_3090, bare_ground blooming blow_down clear habitation selective_logging, haze primary
train_11263, bare_ground blooming blow_down clear habitation haze selective_logging, bare_ground clear habitation primary road
train_3521, bare_ground blooming blow_down clear habitation selective_logging, haze primary
train_4658, bare_ground blooming blow_down clear habitation selective_logging, cloudy
